Emanuel,Soto,22069151,2004-03-30,2979
Santiago Leonel,Saldaña,37288913,1985-11-15,4171
Axel Gabriel,Mejía,25307403,1994-10-20,6750
Benicio,Morales,35298636,1990-11-08,6782
Francesca,Lorca,26635538,2004-04-02,2583
Sofía Valentina,Rotman,26357712,1991-08-21,7160
Juan Sebastian,Saldaña,31452370,1986-07-01,296
Ignacio Nicolas,López,23858496,1998-09-12,2100
Lautaro Tomas,Silva,29952402,1982-05-30,3709
Lucas Nahuel,Marín,29419020,2004-05-18,3711
Lucila,Mamani,23677231,1983-03-12,9932
Maria Celeste,Hoffmann,23669926,1984-05-28,7894
Valentina Belén,Pavón,28182194,1986-11-17,5646
Priscila Abigail,Varela,29166751,1996-07-05,3535
Lautaro Valentin,Gómez,31016101,1998-03-14,9953
Ciro,Delgado,21206052,1995-05-20,3561
Lautaro Emanuel,Mancuso,26954468,1984-05-06,9799
Thiago Benjamin,Abadía,21816886,2002-06-03,3729
Luis Fernando,Mora,35592342,1999-06-14,9247
Maria,Vera,33993912,1994-12-23,6421
Alvaro,Muñoz,37239564,2003-11-02,2957
Candela Abigail,Lorca,39556936,2001-12-14,9179
Joaquin Alejandro,Pereyra,34150208,1997-12-10,4152
Genaro,Scioti,22386643,1985-02-28,3546
Magdalena,Salem,29645673,1993-11-19,3645
Agustin Alejandro,Espinoza,33791121,1981-01-24,8032
Santiago Valentin,Godoy,24246033,1984-07-30,7367
Santiago Emanuel,Huarte,36242805,2004-01-09,9094
Santiago Joaquin,Mamani,36283183,1994-05-18,2091
Martin Alejandro,Demichelis,29779742,1998-12-11,1240
Thiago Nahuel,Ibáñez,39040791,2003-05-11,8650
Mateo Benjamin,Pavón,29634890,1990-10-25,3585
Franco Gabriel,Rómulo,38844467,1981-11-10,4545
Facundo Agustin,Rómulo,31828949,1983-09-27,641
Lautaro Sebastian,Casas,21236845,1991-07-27,2397
Milagros Soledad,Morales,33029584,1989-04-20,9302
Ana Laura,Marín,32644388,1989-11-29,537
Lautaro Martin,De Luca,39853852,1997-12-14,1957
Celeste Abigail,Sorbera,21160239,1997-08-13,5376
Nicole,Pineda,20863235,1980-09-26,385
Abril Agustina,Fazzi,27579454,2001-07-24,8165
Nicolas Alejandro,Farías,26739201,2002-05-06,9615
Lucas Daniel,Sánchez,25816937,2002-03-27,7420
Micaela Belen,Carranza,35283109,1999-03-22,3381
Chiara,Mejía,25045435,1988-07-25,4090
Victoria Abril,Marín,33548430,1997-02-25,1162
Manuela,Goicochea,31641992,1982-08-04,5058
Ulises,Godoy,31115818,1986-10-31,6549
Franco David,D'Elia,20715349,1988-12-11,9287
Santiago David,Duarte,35636241,2003-07-30,915
Tomás Valentin,Portillo,28411051,1995-03-31,3630
Gonzalo Nicolás,Pinedo,30675405,1991-05-22,7787
Uriel,Martínez,22884333,2001-07-13,8750
Joaquin Nicolas,Salazar,27666594,1987-02-01,676
Thiago Valentin,Raimundo,35210001,1980-11-27,5575
Román,Leiva,39379113,1994-05-28,5376
Luciano Gabriel,Salazar,33536880,2000-01-27,6355
Camila Aylen,Mariani,29954569,1994-07-31,329
Mia Valentina,Marín,25499431,2003-07-11,72
Thiago Ezequiel,Agüero,26352977,1993-05-08,167
Fiorella,Santos,29243203,2000-01-24,3880
Celeste,Fernández,36078492,2003-11-05,5925
Avril,Pineda,26206017,1997-08-25,2213
Luciano Nicolas,Sosa,35444229,1994-06-07,2266
Valentina Aylen,Leal,25933616,1997-08-14,1812
Martina Belen,Rojas,38300719,1990-07-10,1429
Tomás Alejandro,Salamone,20249923,1984-04-15,5174
Martin Ezequiel,Lorenzo,36784356,2003-01-08,155
Luciano Agustin,Huergo,22268665,2003-12-07,4080
David,Santana,35235170,1980-05-18,1319
Mateo Agustin,Pavón,38270137,1990-03-06,3444
Candela Belen,Mamani,25122477,1992-03-24,6870
Franco Leonel,Nessi,22603912,1986-12-31,4299
Kevin,Vargas,23195120,2002-07-29,5884
Ludmila Ayelen,De León,39655524,1987-02-05,9448
Abril Valentina,Salamone,23514657,1995-05-25,3282
Felicitas,Hidalgo,36609323,1992-05-05,6991
Camila Ayelen,Abadía,26905998,1980-01-05,6663
Marcos Gabriel,Farina,35447623,1992-02-04,8606
Nahuel Agustin,Huergo,30853671,1995-04-28,1789
Julieta Valentina,Rojas,27262400,1988-07-22,3710
Candela Agustina,Rotundo,33246149,2000-04-23,8457
Kevin Ezequiel,Álvarez,35277138,2003-02-17,5532
Luciano Ezequiel,Portillo,24277748,1980-03-29,3953
Andres,Marchi,24168747,1996-09-27,2171
Leonel Agustin,Rotman,31215847,1998-05-27,9521
Ian,Rotundo,23595520,2001-10-24,3881
Braian Ezequiel,Carrizo,24928728,1999-01-25,4707
Valentina Milagros,Gonzales,37787175,1999-08-09,4808
Rocio Milagros,Mancuso,24435300,1990-08-18,3733
Axel Uriel,Hidalgo,25681713,2002-07-11,3521
Milagros Ailén,Scioti,20406718,1986-05-26,7618
Fausto,Martínez,36139577,1988-06-27,9544
Tadeo,Gómez,30959267,2000-06-24,3042
Daniel Alejandro,Salvador,39798257,1991-12-19,8979
Axel Nahuel,Zambrano,22303920,1994-06-30,8476
Camila Agustina,García,22801326,1990-08-24,3060
Luz Milagros,Sojero,23827131,1990-01-30,817
Luana,Muñoz,32301022,1984-02-20,9267
Matias Leonel,Flores,24539156,1990-03-21,5794
Ornella,Sberna,22072769,1981-05-13,4736
Enzo,Huarte,35557797,1991-02-05,5824
Brian Ezequiel,Rotundo,22388034,1987-03-15,5428
Ludmila Belen,Raimundo,22216406,2001-04-07,4671
Belen,Castro,38704410,2000-06-26,1490
Gaspar,Salamone,38842170,1982-07-08,1671
Lionel,López,32349331,1984-01-22,4822
Uma,Totora,28423833,1989-02-04,1007
Nicolas Gabriel,Vargas,35106170,1983-04-30,8862
Oriana,Demichelis,22970529,1993-01-02,7255
Ignacio Gabriel,Álvarez,26001057,2003-08-29,3820
Justina,Huarte,24057178,1980-03-12,3313
Sofia Magali,Contreras,24497161,1984-06-28,5252
Lucas Martin,Sosa,37896012,1987-03-21,7101
Alexander,Silva,31744867,2004-03-11,4344
Ignacio Joaquin,Marino,36672454,1989-04-30,9001
Leandro,Zurich,20673367,2003-06-23,9587
Sofia Micaela,Pérez,20936906,1980-07-14,4503
Luz Maria,Farina,29955202,1997-06-01,3340
Matias Benjamin,Villalba,21051253,1990-05-07,985
Rosario,Galán,32670636,1986-08-04,9036
Axel Leonel,Giordano,29126783,1984-06-25,1316
Candela Abril,Galán,21001138,1980-08-16,7000
Gonzalo Agustin,Quispe,21015239,1987-08-07,8282
Rodrigo Nicolás,Salem,21959097,1983-11-26,6593
Thomas,Nave,37843968,2002-06-29,7752
Ana Clara,Vera,20399335,1997-05-19,5046
Fabricio,Nari,38069572,1981-01-07,7169
Brisa Abigail,Vera,31997122,1985-03-02,6182
Axel,Hernández,36133649,1987-08-04,7316
Maria Del Pilar,Totora,29403657,1992-04-19,3847
Gianluca,Leal,32888350,1981-03-29,5440
Fermín,Fazzi,33012156,2003-05-23,9671
Iara,Lorenzo,22304027,2003-08-17,5744
Tomas Gabriel,Mamani,23047090,1984-12-29,4686
Julieta Belen,Godoy,22412230,1990-06-30,247
Lautaro David,Soto,22322449,1986-09-24,8182
Axel Fernando,Rosso,23777469,1993-12-06,1241
Sofia Victoria,Díaz,24621482,1989-04-23,8698
Ambar,Giménez,37123270,1996-06-12,1742
Pablo Ezequiel,Silva,31778370,1982-06-11,3673
Juan Andres,Benítez,27727929,2001-04-08,6837
Ana Belen,D'Elia,30669746,1999-11-23,4308
Sofia Aylen,Álvarez,33472293,2001-06-09,4020
Alan Gabriel,Nave,24214462,2001-10-11,4579
Lucas Leonel,De Luca,31497043,1997-12-16,6602
Maximiliano Ezequiel,Maradona,35074890,1983-11-01,1968
Camila Abigail,Gómez,24742002,1994-04-25,7753
Candela Valentina,Pereira,35401201,1985-01-20,947
Nahuel Alejandro,Fernández,27367418,2004-04-11,2474
Gabriel Agustín,Pedone,33358545,1980-06-16,1836
Benjamín Ezequiel,León,39605521,1997-09-12,9377
Matias Daniel,Pereyra,23426533,1998-09-03,4325
Lucas Ariel,Zambrano,27005038,1987-09-06,6138
Tomas Ignacio,Godoy,20878613,1994-11-26,352
Alan Ezequiel,Nessi,23561585,1991-12-16,2295
Sara,Saldaña,31497844,1994-01-11,1836
Camilo,Santana,31826052,1991-12-15,8025
Agustina Micaela,Varela,28903421,1988-10-25,3585
Facundo Daniel,Sánchez,33438907,1989-09-07,7370
Lourdes Valentina,Salvador,35562960,1989-04-17,8067
Gaston,Arredondo,30027505,2002-09-17,4795
Francisco Javier,Rivera,38680124,1986-12-20,8761
Candela Milagros,Marín,31118796,1983-05-23,6108
Sofia Milagros,Sala,34554637,2003-02-08,7931
Maria Candela,Hidalgo,34048129,2001-11-06,5616
Lucas Emanuel,Salazar,39390897,2002-08-29,5686
Fernando Jose,Arredondo,27193492,1996-03-03,4478
Daniel,Rivera,26009181,1990-08-19,9222
Nazareno,Vera,24104114,1988-12-04,1089
Florencia Belen,Arellano,35857275,2003-03-10,2792
Mateo Ezequiel,Sberna,30621197,1990-07-18,3526
Luciana Belen,Sánchez,35980706,1982-06-29,3772
Benjamin Alejandro,Varela,20128952,1994-05-23,6123
Matias Ariel,Leal,35707621,1982-10-11,3316
Brisa Aylen,Silva,31136024,1980-09-24,4138
Santiago Alejandro,Arredondo,38648320,1985-01-21,4039
Virginia,Mariani,34630106,1982-11-29,2165
Facundo Ariel,De León,30010918,1988-03-04,5387
Martina Abril,Abadía,38836259,1992-08-28,3633
Tobias Ezequiel,De León,37335850,1995-06-04,8504
Macarena,Giordano,20364637,1997-02-15,1741
Ariana,Salem,27920986,2001-05-19,1897
Thiago Gabriel,Santana,38453864,1999-07-22,435
Lautaro Alejandro,Andrade,35561810,1997-08-28,7893
Lautaro Uriel,Casares,37582569,1982-11-24,5462
Ines,Álvarez,37268207,1999-01-19,1658
Ariel,Mamani,26921419,2000-06-23,4942
Maria Josefina,Raimundo,32269834,1986-06-30,9283
Patricio,López,33211907,1987-12-29,3085
Gonzalo Gabriel,Goicochea,29982646,1984-03-02,9861
Lucas Nicolas,Leal,35138850,1991-05-08,2706
Maria Fernanda,Contreras,36891231,1994-03-09,5444
Rafael,Sosa,38830787,1992-04-18,7844
Rodrigo Nahuel,Hoffmann,35976770,1996-07-11,2002
Luisana,Goicochea,25131424,2003-12-28,7821
Leonel Alejandro,Gonzales,28264081,1993-11-18,8387
Rocio Abigail,Zambrano,22513214,2001-06-13,5258
Gino,Carrizo,37323887,1999-07-14,5701
Joaquina,Hoffmann,36239417,1992-08-04,5783
Marco,Loreto,28026687,2001-09-28,289
Lautaro Javier,Casares,36006147,1988-09-06,9507
Celina,Espinoza,35056926,2002-01-21,655
Ludmila Aylen,Mariani,24662163,1989-08-01,2140
Alexis Ezequiel,Galán,28537781,1995-01-03,7185
Thiago Joaquin,Duarte,23010988,1985-12-08,4870
Alexis Gabriel,Arredondo,33740899,1997-08-14,9515
Federico Agustin,Godoy,32363569,2001-01-06,2445
Lara Valentina,Gonzales,36481338,2003-01-16,7784
Florencia Agustina,Rotman,36622920,1994-01-20,8311
Maria Pilar,Carranza,33211155,1993-08-19,5698
Santiago Andres,Pineda,25467196,1998-08-30,3943
Camila Milagros,Álvarez,29545755,1988-10-06,7508
Franco Daniel,Huergo,36202796,1981-01-21,6310
Marcos Agustin,Casas,38485945,1981-10-05,8933
Ana Lucia,Villalba,26347417,1999-06-21,6174
Thiago Uriel,Marini,33261998,1988-06-12,8482
Santiago Javier,Castillo,29003405,2001-01-30,3630
Marco Antonio,Díaz,20199198,1988-06-02,2372
Ana Luz,Contreras,27620340,1998-08-30,2788
Rodrigo Sebastian,Maradona,30922040,1995-05-16,7148
Maria Paula,Huergo,37140843,1980-04-29,9321
Rocio Micaela,Hoffmann,25911051,1986-08-08,5083
Camila Abril,Rotman,20439117,1981-08-16,7963
Milagros Guadalupe,Leiva,25023454,1980-01-18,5814
Valentina Magali,Rotundo,38151614,1992-11-30,3785
Kevin Nahuel,Pereyra,39122379,1982-06-29,5515
Francisco Nicolas,Rivera,35860033,2002-02-23,3457
Micaela Ayelen,Valenzuela,36977342,1994-01-10,5627
Maria Del Rosario,Mariani,26073602,1988-04-29,3408
Martin Nicolas,Fernández,38281385,2004-06-08,3766
Federica,Vera,34256313,2002-09-29,2568
Facundo Tomas,Salvador,29794840,1991-07-29,4318
Santiago Uriel,Mora,21475391,1995-07-22,2560
Carlos Daniel,Pedone,26828085,1994-07-14,9287
Lucas Sebastian,Rosso,25828563,1992-09-21,5919
Axel Ezequiel,Vera,27304390,1981-03-04,6327
Mateo Joaquín,Andrade,32630668,1999-01-28,3566
Leandro Ezequiel,Abadía,21085368,1987-05-04,4741
Ludmila Milagros,García,26440283,2000-10-03,3995
Lautaro Ariel,Leiva,37104645,2001-12-06,5
Diego,Castillo,27030520,2001-09-02,3974
Julio Cesar,Scanone,20466993,1999-02-08,3228
Vicente,Vargas,30474080,1997-08-02,6933
Francisca,Díaz,27546906,1994-07-19,6196
Mariana,Rojas,22491716,2000-08-26,5212
Luis Alberto,Mora,22759837,1990-12-08,6119
Rocio Ayelen,Santana,22091317,2000-02-06,8043
Fernando,Huergo,20367791,1996-01-10,602
Ema,Vasile,36880068,1995-01-15,5347
Alexis Nahuel,Abadía,23889925,2003-09-15,7942
Ignacio Ezequiel,Muñoz,35420779,1989-08-28,7467
Milagros Lujan,Rómulo,37311254,1991-11-20,6033
Kevin Agustin,Fava,20609361,1997-02-20,6078
Facundo Leonel,Vasile,22579534,1987-08-13,879
Abril Agostina,Mejía,34234506,1984-04-26,6059
Maite,Castro,23566445,1985-03-27,4954
Sebastian Alejandro,Gutiérrez,30766181,1995-01-20,1945
Dylan Ezequiel,Sberna,24828948,1994-08-17,2596
Maria Constanza,Castillo,29570702,1982-10-18,7547
Maximiliano Gabriel,Sojero,37540811,1983-03-04,363
Daniela,Castillo,28355486,1990-10-23,8036
Lucas Benjamin,Santana,23836805,1992-02-21,613
Lautaro Jesús,Andrade,22280770,2003-12-29,9684
Lucas Joaquin,Borges,35781853,1981-02-03,2073
Thiago Leonel,Lorenzo,36499723,1985-05-11,5599
Axel Daniel,Goicochea,26499753,1981-11-26,2656
Azul,Leiva,30036747,1988-10-27,7635
Sofia Abril,González,34209857,1993-03-03,3567
Milagros Micaela,Moreno,21668108,1991-12-28,9993
Milagros Magalí,Nessi,36023355,1995-05-23,4612
Maria Lucia,Mancuso,26657735,1990-04-11,1354
Marcos Ezequiel,Leiva,29295679,2001-05-08,1667
Lucas David,Giménez,22629473,1997-01-08,6255
Axel Agustín,Pedone,20125083,1996-03-28,8368
Gonzalo Nahuel,López,28990641,1995-11-27,4906
Thomas Agustin,Pereira,35323938,1984-06-15,4910
Franco Tomas,Rosso,21170178,1986-04-14,8569
Florencia Abigail,Castro,20067744,1989-01-21,3853
Maximo Agustin,Pavón,38665572,1983-12-12,5132
Camila Soledad,Surace,25935982,1998-07-13,471
Luciano Benjamin,D'Elia,29818736,2001-06-13,589
Bautista Nicolas,Leal,28161333,1994-03-19,2929
Fabrizio,Jiménez,38832837,1988-12-03,5359
Alfonsina,Abadía,33188504,1994-11-25,8546
Lautaro Exequiel,Álvarez,29567675,1980-04-21,4352
Leonardo,Santana,25383451,1999-10-19,446
Mateo Valentin,Pereyra,35679163,1985-05-07,9135
Juan Agustin,Castillo,35629600,1992-09-30,5373
Brisa Ayelen,Zurich,38560739,1994-01-12,6841
Laureano,Fava,20285785,1987-02-22,5605
Lautaro Damian,Raimundo,34268612,1983-12-29,9197
Leandro Nicolas,Flores,28893786,1983-04-03,1713
Matias Sebastian,Totora,27758192,1996-06-10,206
Francisco Agustin,Morales,33870476,2001-01-19,8530
Carola,Amenedo,21425048,1981-09-19,9225
Elias,De León,20126222,1986-01-22,7600
Rocio Guadalupe,Soto,32836349,1991-09-14,5108
Ignacio Benjamin,Sánchez,31707930,1983-12-07,6110
Maria Laura,Muñoz,38773110,1988-01-19,4048
Facundo Emanuel,Valenzuela,32764949,1997-09-24,7857
Facundo Martin,Pereyra,29568222,1983-03-21,2074
Pablo Agustín,Rotundo,20647048,1998-08-22,7049
Agustina Milagros,Zurich,37568830,2003-11-21,5633
Valentina Jazmin,Huergo,35538282,2002-08-21,6239
Sofia Ailen,Farías,30553920,2002-11-22,1053
Florencia Magali,Arredondo,22615612,1991-01-30,4432
Valentina Guadalupe,Zambrano,37041873,1997-04-06,9830
Kevin Nicolas,Vera,23710055,2004-07-09,7479
Ana Sofia,Pavón,35775576,1994-12-20,2690
Aylen,Salem,26451116,1987-04-17,2090
Thiago Lionel,Rotundo,31676389,1996-02-06,6834
Franco Emanuel,Pineda,32434085,1996-09-14,944
Eugenia,De Luca,24551802,2000-10-04,7413
Rocio Magali,Amenedo,37497354,1987-10-27,4960
Valentina Luján,Huergo,36560924,1992-02-15,1713
Federico Nicolas,Varela,21854666,1992-06-09,6139
Morena Abril,Rotundo,32529575,1992-11-03,6916
Candela Magali,De León,39027786,1984-09-23,3512
Aldana,Vargas,32377229,1985-03-01,9527
Elias Ezequiel,De Luca,29092947,1999-01-18,911
Tobias Benjamin,Pavón,22404561,1984-07-20,8678
Leandro Agustin,Totora,30446747,1995-09-27,4042
Tomas Nahuel,Santana,26618689,1991-11-01,3881
Esteban,D'Elia,32252883,1991-08-13,4517
Tobias Agustin,Gonzales,33491570,1994-09-02,464
Matías Emanuel,Díaz,22047416,2003-11-06,6138
Lucas Santiago,Totora,35618204,1991-08-22,4386
Sofia Guadalupe,Fava,35167306,1983-06-23,2241
Ernestina,Portillo,36642766,1987-11-07,5561
Iñaki,Villalba,27508883,2002-05-25,6949
Julieta Abril,Pereira,28816733,1998-05-17,8601
Valentina Ayelen,Ibáñez,37102424,1983-05-26,6313
Santino Nicolás,Ibáñez,29358460,1994-11-09,6304
Cristian Gabriel,Vargas,28291934,1996-09-05,7248
Tatiana Abigail,Basile,27499230,1995-10-07,7645
Giuliano,Lorenzo,34653211,1987-07-23,1126
Jose Manuel,Rotman,24448009,1982-05-24,2287
Santiago Ivan,Farina,27731203,1991-08-03,5643
Rodrigo Agustín,Mora,29636912,2000-04-13,3361
Milagros Agostina,Casares,33990412,1987-03-18,9097
Ezequiel Alejandro,Varela,32550421,1993-04-14,5373
Jeremias Ezequiel,Mejía,28472347,1995-03-07,447
Maria Agostina,D'Elia,39998209,2004-05-27,281
Nahiara,Carranza,24040293,1992-07-03,5478
Valentina Soledad,Raimundo,35009735,1985-02-16,5635
Alan,Loreto,34590274,2000-06-25,7349
Candela Agostina,Fazzi,27941763,2003-04-08,9986
Abril Milagros,Gutiérrez,28259291,1988-12-22,1910
Mercedes,Rojas,30285846,1989-08-04,4117
Axel Nicolás,Díaz,32478388,1997-06-19,8099
Santiago Jose,Rivera,39719983,1999-08-18,7363
Juan Pedro,Álvarez,21806286,1989-05-15,2792
Agustin Gabriel,Villalba,38577596,1987-05-14,7713
Rocio Aylen,Scioti,22625799,1999-10-28,7675
Carmela,Basile,36478349,1981-07-20,4194
Joaquin Andres,García,36871003,1983-11-07,4702
David Ezequiel,Nari,37144110,2004-04-13,5034
Sofia Abigail,López,39341460,1987-10-08,7387
Joaquin Gabriel,Vera,28251612,1997-09-08,6051
Ludmila Magali,Demichelis,22247823,2003-08-12,1668
Francisco Jose,Gómez,36146773,2004-03-18,8743
Nazarena,Sánchez,24351852,1998-08-06,5717
José Antonio,Demichelis,22924951,1995-12-11,1146
Luis Miguel,Nave,22444852,1999-06-04,8883
Ivan Ezequiel,Pérez,24237706,1984-11-09,132
Agustina Soledad,Scioti,37670981,2000-04-12,5262
Baltazar,Mamani,32490590,1996-08-13,1948
Jonathan Ezequiel,Fernández,20211019,1989-06-17,4037
Teo,Vera,25547681,1981-09-01,794
Sebastian Ezequiel,Muñoz,31692335,1992-03-12,4943
Tatiana Belen,Rosso,35328385,1982-05-12,3653
Lautaro Lionel,Moreno,27184953,1990-04-03,7360
Angel David,Pinedo,32543401,1983-11-25,1395
Ignacio Martin,Amenedo,29295521,1982-01-08,1324
Luis Alejandro,Mariani,35369459,2003-09-16,9806
Priscila Ayelen,Farina,32531235,1991-03-30,1558
Maria Candelaria,Farina,36817235,1998-04-20,7810
Rocio Valentina,Castro,32629610,1991-10-06,2029
Ramiro Agustin,Sosa,36631625,1997-08-08,900
Alexis,Marín,35244464,2000-11-06,5104
Jose Maria,Hoffmann,21761666,1994-09-03,4727
Carlos Gabriel,Sorbera,39808456,1980-12-03,834
Thiago Martin,Rosso,27774732,2001-04-22,7026
Bruno Nicolas,Marín,31811235,1983-07-22,342
Luciana Valentina,Moreno,23772582,1998-04-21,8314
Sofia Antonella,Salazar,27322079,1984-12-14,3845
Priscila Belen,Sberna,38121085,1997-08-25,1468
Uriel Alejandro,Rivas,35926198,1993-02-18,5300
David Alejandro,Pedone,25279662,2003-08-31,8468
Iara Valentina,Schapira,32177894,2003-04-15,2064
Priscila Aylen,Nari,25987060,1991-11-06,739
Franco Sebastian,Abadía,20994942,1984-11-27,6523
Agustina Aylen,Gonzales,28550547,1980-03-12,7715
Camila Ailen,Scanone,23378639,1988-08-03,3819
Agustina Abigail,Marino,27247640,1993-03-26,8096
Dylan Gabriel,Giordano,20452371,1991-05-28,1383
Alejo Nicolas,Vera,31479474,1983-11-09,9889
Micaela Agustina,Rotman,24070772,1996-02-23,9081
Leandro Gabriel,Galán,36020163,1993-11-21,6537
Dolores,Hoffmann,32582600,1992-11-04,5760
Kevin Daniel,Valenzuela,26923594,1986-10-15,9803
Maria Lourdes,Nari,36657763,1984-05-06,7758
Elias Gabriel,Giménez,28413098,1990-07-05,8057
Francesco,De Luca,30473463,1980-11-25,5167
Rocco,Fava,20142206,1989-09-23,2932
Dylan Uriel,Andrade,21146846,1985-06-29,6423
Brisa Milagros,Surace,28288840,1980-11-02,2726
Bianca Valentina,Rotman,32223020,1996-01-09,3639
Marcos Antonio,Scanone,32954612,1982-02-04,2356
Tomas Joaquin,Fornerón,38267545,1985-01-22,5716
Gonzalo Sebastian,Silva,20886283,2002-08-05,8747
Tomàs Ariel,Rivas,30516982,2000-01-05,2123
Axel David,Pedone,36413251,2001-08-25,5376
Agostina Belén,Portillo,38538409,1990-05-10,2355
María Magdalena,Duarte,38626727,1999-09-10,3086
Lourdes Abril,Salem,24822444,1982-11-08,1550
Juanita,Duarte,37639802,1980-11-16,4013
Agustina Ayelen,Marino,39620206,1989-03-08,7296
Geraldine,Huergo,37302821,1995-02-19,5540
Irina,Carrizo,36300606,1998-04-27,7838
Ramiro Nicolas,Castillo,27606062,2002-03-02,8562
Mateo Gabriel,Rivas,24667166,1981-12-02,3226
Milagros Anahi,Santana,36199833,1999-08-07,3125
Iara Abigail,Carranza,28425176,1981-08-01,1667
Candela Jazmin,Silva,25597156,1983-09-05,3452
Bruno Ezequiel,Díaz,29337244,2000-11-23,964
Brisa Magalí,Scanone,33089203,1981-10-19,923
Francisco Tomas,Pereira,36943435,1998-01-26,7350
Tomas Emanuel,Rivas,25596450,1986-05-07,5184
Joaquin Uriel,Sberna,35010828,2000-01-11,6842
Maria Delfina,Gutiérrez,30527940,1989-12-17,9247
Barbara,Loreto,20350326,1995-06-08,1660
Santiago Ismael,Fernández,27901642,1986-09-25,1861
Tobias Uriel,Villalba,27030433,1987-10-22,9234
Ludmila Abril,Pereyra,27538410,1984-03-19,5981
Leandro Nahuel,Casas,30162457,1990-04-03,5280
Cristian,Castillo,26891496,1994-06-18,8654
Julieta Magali,Portillo,36919087,1989-01-18,8498
Fátima,Mejía,26907856,1990-09-11,3736
Facundo Sebastian,Castillo,22562174,1995-10-08,5210
Gianfranco,De León,22029353,2002-08-01,85
Fernando Gabriel,Arredondo,20058523,2000-11-01,2670
Thiago Tomas,Salazar,20787480,1989-01-13,6938
Alejandro Gabriel,Vasile,33662401,1996-01-16,3699
Sofia Agustina,Ramírez,34816949,1994-08-06,6693
Agustina Abril,Soto,38882060,1992-02-12,6286
Lucia Milagros,Mejía,24030121,1998-06-19,5358
Maia Valentina,Huergo,27460254,1986-11-07,9580
Araceli,León,29184922,1990-09-13,951
Agustina Magali,Loreto,23935894,1981-08-29,4647
Morena Abigail,Díaz,37064948,1984-11-23,3356
Gonzalo Daniel,Pereyra,22439124,1986-02-04,7830
Faustino,Rómulo,32616252,2004-03-22,3842
Valentina Micaela,Morales,24976706,2002-03-14,1085
Ignacio Valentin,Santos,39728291,1994-04-03,2303
Maria De Los Milagros,Rivas,34710700,1999-04-15,5294
Brian Nahuel,Pérez,21773475,1983-03-23,2302
Lautaro Andrés,Hidalgo,34893850,1980-09-16,3913
Dylan Agustin,Ibáñez,30033556,1999-01-02,6389
Fernando Ezequiel,Salamone,36941764,1987-09-26,3466
Lucas Alejandro,Sala,28970475,1997-12-21,1461
Milagros Antonella,Flores,20135176,1989-03-09,9855
Alan Nahuel,Surace,39543680,1982-12-31,5364
Tobias Nahuel,Raimundo,20580564,1983-11-20,9002
Joel,Basile,31132221,2000-07-29,7085
Lucca,Castro,31536522,1993-10-30,6248
Martin Ignacio,Sojero,34698192,1999-07-13,327
Matias Joaquin,Sotomayor,37994714,1991-09-12,3491
Nahuel Ezequiel,Fornerón,34194249,1980-03-13,6131
Milagros Rocío,Rodríguez,20713752,1980-03-17,2554
Alejandro Ezequiel,González,21366203,1998-06-30,4926
Valentina Ailén,Rivera,39496630,2004-02-11,6511
Alejandro Daniel,Pavón,35884201,1988-12-29,2874
Zoe Valentina,Sotomayor,33195597,1987-12-07,3769
Maximo Alejandro,Rosso,35921320,1985-04-19,4872
Pablo,Nessi,31550563,1986-05-04,6873
Luciano Joaquin,Arredondo,35437931,1988-07-13,7597
Ludmila Ailen,Giordano,38273289,2002-03-16,4262
Brisa Valentina,Pereira,36025910,1984-02-18,8895
Enzo Gabriel,Mamani,37145277,1993-05-26,1178
Estefania,Varela,34080882,1990-04-03,4293
Maria Sofia,Silva,20708801,1997-07-21,8050
Kiara Abigail,Rómulo,28911928,1984-11-07,4370
Thiago Sebastian,Rivas,38583177,1983-10-14,5694
Ivo,Rodríguez,34239426,1990-08-06,6041
Brenda,Sosa,31068236,2002-02-12,3224
Florencia Valentina,García,39953334,1982-12-30,9508
Pablo Nicolas,Gutiérrez,25034238,1994-07-02,4758
Juan Antonio,Contreras,28161370,2001-11-23,4441
Brian Nicolas,Vargas,27640661,1984-08-17,3433
Leon,Pinedo,20529404,1991-08-30,7578
Gonzalo Martín,Pineda,32199764,1999-08-08,3704
Alejo Benjamin,Hernández,35732646,1985-12-26,9998
Javier Alejandro,Casares,37841039,1980-08-11,9494
Alexis Nicolas,Carrizo,25212005,1998-04-20,1346
Ana Victoria,Nave,25775255,1994-04-16,3739
Maria Clara,Carrizo,22730317,1982-07-15,8330
Jorge Luis,Sánchez,34592568,2001-03-08,2404
Maximiliano Agustin,Jiménez,35547950,1990-10-06,3162
Ignacio Tomas,Huergo,30466315,1980-02-17,2594
Ramiro Ezequiel,Leiva,36845401,1988-09-19,7771
Santiago Manuel,Rotman,39968158,1981-05-10,9044
Candela Aylen,Nave,23989798,1998-05-29,8840
Serena,Carrizo,26900499,1995-07-26,6318
Selene,Rodríguez,37369595,2004-07-07,1664
Stefano,Scioti,34173289,1987-11-24,5409
Ismael,Amenedo,39450193,1991-02-05,6207
Priscila Magali,Ramírez,23476949,1992-03-07,2688
Helena,Pavón,21783162,2000-08-03,2483
Ana Maria,Sala,24829627,1990-01-15,99
Miranda,Zurich,28709929,1981-01-17,8671
Tobias Nicolas,Casas,23662124,1983-02-09,3794
Jorge Daniel,Pavón,29157124,1995-11-29,4703
Benjamin Nicolas,Espinoza,33154951,1993-12-28,1631
Bautista Benjamin,D'Elia,22416640,1987-07-08,7739
Santiago Sebastian,Pavón,35069872,1994-12-24,3036
Valentina Nicole,Fernández,31779055,1983-05-21,1932
Ana Valentina,Rivas,33010425,1983-02-28,7325
Martin Gabriel,Abadía,22705719,1983-10-06,8279
Morena Valentina,Flores,34410735,2000-04-10,9213
Joaquin Leonel,Basile,26091467,1995-01-30,8304
Lucía Magalí,Vera,23052647,1982-07-20,9588
Matias Ignacio,Portillo,23744795,1986-10-21,7602
Ignacio Sebastian,Pineda,30916192,2000-05-23,2202
Santiago Jesus,Sotomayor,23612577,2004-03-18,384
Federico Ezequiel,Leal,24316249,1985-08-12,3302
Marcos Daniel,Nessi,27787539,1987-04-20,4061
Mauricio,Pereira,38098449,1984-08-29,5650
Gabriel Nicolas,De León,20913343,1991-09-18,3665
Nicolas Martin,Martínez,34799081,1981-05-01,1076
Samuel,Castro,28105946,1986-07-22,5125
Santiago Lionel,Leiva,35287706,1995-02-08,7652
Agustin Emanuel,Abadía,32061063,1995-06-17,146
Tiago Nicolás,De Luca,24022636,1986-11-04,5770
Camila Rocio,Jiménez,38038790,1991-01-02,6841
Diego Agustin,Espinoza,27345249,1998-12-21,7161
Marcos Nahuel,Loreto,29509326,1991-10-14,1361
Kiara Valentina,D'Elia,38922934,2002-06-17,8851
Joaquin Sebastian,Nave,25755573,1982-04-16,6683
Milagros Jazmin,De León,37260518,1987-05-20,7579
Diego Alejandro,Espinoza,39266842,1980-05-09,4374
Rodrigo Gabriel,Valenzuela,27325869,1996-09-30,1549
Gonzalo Joaquin,Surace,35289816,2003-06-25,1003
Tiago Benjamin,Mamani,29686011,2002-07-28,9184
Facundo Benjamin,Rotman,25535489,1996-07-04,6671
Antonella Belén,Pereyra,33739843,1992-03-06,4204
Emilio,Sotomayor,28463459,1995-03-02,9291
Ignacio Nahuel,Sánchez,25669357,1993-10-29,7395
Alan Leonel,Moreno,34986112,1997-07-18,5551
Julieta Abigail,Nave,31374202,1985-05-22,8404
Maria Isabel,Giordano,22104493,1993-06-03,354
Ana Gabriela,Demichelis,37624049,2002-08-23,3373
Sofia Ayelen,Casas,36190645,1982-02-14,9407
Gianella,Pinedo,34905293,1991-11-23,5123
Juan Segundo,Huarte,36809912,2002-04-09,6935
Ailen,Schapira,31879068,1993-07-10,7037
Jonathan,Rivas,33831468,1989-06-27,8960
Alex,Rivas,28378814,1986-02-10,9415
Sol Agustina,Castro,39317974,1991-07-09,1290
Tiago Agustin,Varela,34553316,1990-10-01,8584
Ariadna,Pereyra,24271762,1982-10-06,7834
Kiara Aylen,Sánchez,35055211,1993-09-02,9477
Javier,Vera,25789898,2002-09-11,6974
Cristian Ezequiel,Mancuso,35405418,1999-07-11,5947
Daniel Agustin,Arredondo,20523078,1998-04-03,1765
Juan Roman,Flores,34433806,1991-04-24,9742
Leonardo Gabriel,Rebollo,22408834,1980-01-12,5862
Gonzalo Emanuel,Scanone,39284529,1994-05-16,3642
Maximo Gabriel,Vasile,23831385,2004-08-21,4537
Miguel Alejandro,Hidalgo,25646136,1987-08-29,3537
Gastón Ezequiel,Contreras,36589948,1999-08-30,65
Rodrigo Emanuel,Nave,31745307,1989-03-25,806
Lucas Valentin,Carrizo,31393536,1996-09-23,4113
Brenda Magali,Pineda,28196506,1993-01-20,4111
Lucas Matias,Zambrano,39626126,2003-12-03,4134
Fernando Agustin,Rodríguez,32386693,2002-04-03,6300
Gonzalo David,Hoffmann,28870317,1991-11-10,3985
Lucas Ivan,Flores,27415061,1980-04-20,485
Joaquín Emanuel,Agüero,25204014,1999-07-09,3934
Francisco Gabriel,Marín,28955658,1988-06-24,923
Tiago Nahuel,Portillo,38325341,1991-03-20,3061
Ezequiel Agustin,Santana,29165413,1989-11-23,4277
Cristian Daniel,Ibáñez,27665275,1985-08-10,396
Valentina Nahir,Sala,30976156,1994-02-03,845
Rocio Ailen,Rómulo,25041684,2000-08-04,6484
Valentina Sofia,González,21731518,2001-03-05,1481
Tomas Leonel,Muñoz,21317470,1980-05-21,5208
Agustina Ailen,Fazzi,26643082,1993-11-27,3334
Lucia Valentina,Mora,24775475,1987-07-03,4378
Victoria Belen,Rebollo,25354414,1981-01-02,4066
Iara Belen,Pinedo,33256143,1992-09-07,77
Kiara Belen,Carrizo,37716733,1988-06-15,3358
Antonio,Salazar,24659031,2002-10-17,7043
Lautaro Joel,Carrizo,37092690,1988-09-13,5089
Jonathan David,Quispe,25297038,1999-04-27,6802
Luciano Nahuel,Pereira,30977325,1990-02-26,498
Renzo,Rotman,35190372,1987-01-18,813
Camila Antonella,Leiva,24604315,1982-08-16,4765
Leonardo Ezequiel,Schapira,29147262,1988-04-16,6642
Cristian Ariel,Mancuso,39427838,1983-07-26,5233
Brisa Abril,Raimundo,39856945,1982-12-19,9460
Lourdes Milagros,Rómulo,31867604,1991-06-26,873
Jimena,López,27570007,1985-06-24,8383
Lautaro Ismael,López,29317419,1992-04-08,560
Micaela Abigail,Borges,21874403,1996-11-19,8924
Alexis Daniel,Scanone,30154844,1997-09-19,3461
Luna Morena,Vera,24863902,1987-02-04,4224
Mauro Ezequiel,Abadía,25335923,1982-08-18,7236
Lourdes Abigail,Pavón,28340521,1980-08-15,7366
Agustin Ariel,Casares,21143524,1982-11-23,2833
Joaquin Tomas,Totora,23222228,1988-02-08,8667
Franco Ariel,Pinedo,22196232,1981-12-04,975
Ariana Abigail,Arellano,38571488,1984-04-17,1943
Pablo Gabriel,Hidalgo,28755689,2003-09-10,1407
Lautaro Ivan,Soto,26228451,1998-12-13,4285
Thiago Alejandro,Villalba,24313316,1999-08-01,874
Facundo Javier,Gutiérrez,24476719,1990-07-10,2324
Santiago Matias,Hernández,24543409,1991-07-04,4343
Axel Joel,Demichelis,23499712,1992-06-18,1516
Franco Valentin,Vasile,37739037,1991-08-11,9489
Jose Gabriel,D'Elia,39655490,1997-05-21,5119
Valentin Ezequiel,Vera,23977469,1996-10-07,9705
Facundo Alejandro,Quispe,35980908,1985-09-20,7945
Luciana Abigail,Mamani,39867715,1981-12-31,5905
Mariano Agustin,Salazar,25943066,1982-02-16,3436
Brisa Ailen,Pereyra,21322780,1991-08-16,7697
Milagros Lucia,Pereyra,31602597,1993-11-13,8397
Ivan Alejandro,Pavón,24336649,2002-10-09,3720
Nicolas Ariel,Sosa,31417807,2000-09-20,5177
Lucas Ignacio,Hoffmann,29207661,1998-12-20,2587
Alejo Agustin,Scanone,31911704,2002-10-05,2372
Sol Valentina,López,21338000,1986-04-08,922
Priscila Abril,Castro,26159734,1985-03-21,9627
Luka,Huarte,25540764,1995-08-09,6975
Mauro,D'Elia,38693713,1991-11-16,4389
Facundo David,Goicochea,26700737,1994-03-28,5700
Agustin Sebastian,Sotomayor,20414928,1991-06-25,4098
Jonathan Gabriel,Marchi,23076770,1991-10-30,7149
Kevin Leonel,Galán,20304620,1983-12-30,5682
Camila Valentina,Agüero,28764410,1987-02-28,2773
Agustin Nahuel,Zambrano,33068956,1990-05-23,9729
Tobias Valentín,Scanone,32590402,1998-11-23,1160
Brisa Antonella,Marchi,21040089,1993-10-08,9962
Gregorio,Rotman,22083549,1988-09-21,8193
Donato,Totora,30635783,1982-08-26,9272
Axel Ariel,Mejía,25641325,1985-02-12,8350
Martina Guadalupe,Rodríguez,37668708,1980-04-11,5795
Melany,Zambrano,26492059,1987-04-24,8535
Maria Alejandra,Rosso,29753325,1996-10-05,1118
Pablo Sebastián,Gutiérrez,27221416,1983-09-07,4591
Gabriela,Sojero,22316528,1988-11-29,9635
Agustin Tomas,Farías,35369383,1988-09-30,1943
Abril Micaela,Santos,27708519,1989-12-11,7397
Valentin Nicolas,Zambrano,37820005,1984-06-24,4730
Camila Victoria,Goicochea,27304480,1982-08-20,611
Diego Ezequiel,Nave,29981620,2002-05-13,9132
Enzo Nicolás,De León,24480011,1988-02-10,8082
Elias Benjamin,Leal,37979802,2000-05-07,5129
Maximo Nicolas,Leal,37778509,1998-03-27,7993
Camila Guadalupe,Totora,26110974,1996-05-30,6802
Berenice,Scioti,30952262,1980-02-08,7383
Luciano Martin,Raimundo,38586381,1988-02-24,2107
Valentina Pilar,Raimundo,33232411,1982-01-02,357
Brisa Agustina,Agüero,28504009,1990-06-19,7155
Franco Martin,Marchi,37419980,1993-10-15,3238
Kevin Uriel,Pinedo,30597881,1988-08-03,5896
Lucas Tomás,Duarte,22668858,1996-01-23,6725
Dylan Nahuel,Leal,37317401,1989-01-11,6305
Marcos David,Varela,26214430,1999-02-25,9265
Brisa Belen,Álvarez,38441133,1989-01-19,4033
Federico Gabriel,Raimundo,25880069,2003-04-15,798
Mirko,Ramírez,29662436,1984-09-08,7987
Tiago Ezequiel,Lorca,34696264,1983-06-03,9885
Natalia,Martínez,25852641,2003-08-28,465
Matías Javier,Andrade,39455668,2003-11-11,9898
Ariel Alejandro,Mora,33120170,1994-06-18,6586
Solana,Mora,29451460,2002-09-01,4524
Milagros Celeste,Martínez,39647241,2002-03-21,9698
Luz,Marchi,39463981,1999-04-30,7976
Mia Abril,Lorca,26320029,1998-04-29,4699
Facundo Manuel,Vargas,20520142,1981-07-21,5123
Guido,Vargas,21639538,1984-11-16,8062
Adrian,Galán,31183207,1986-06-08,823
Luciano Andres,Marini,25640962,2002-08-27,3774
Milagros De Los Angeles,Gómez,37704509,1997-09-29,9198
Candela Lucia,Pinedo,32310065,2000-07-31,8071
Nahuel Nicolas,Pineda,28024123,1981-04-08,4520
Kevin Gabriel,Casas,28652181,1986-07-24,6573
Gonzalo Benjamín,Basile,24936030,1990-05-15,3136
Cristian David,Martínez,36089277,1990-11-27,3589
Agustin Ignacio,Fernández,36769837,1985-06-13,9995
Lucas Damian,Delgado,31873633,1981-11-25,6870
Carlos Alberto,Leiva,21580108,2003-12-28,7051
Juan Daniel,Rojas,24805752,1983-03-14,6341
Elena,Hoffmann,35192289,1983-01-15,4521
Kiara Agustina,Vera,26688801,1991-12-16,8281
Matilda,Benítez,33501274,1999-10-01,258
Abril Antonella,Muñoz,28555650,1998-05-16,6124
Lionel Agustin,Moreno,22944370,1986-04-17,7256
Segundo,Scanone,38772009,2004-08-07,8801
Angela,Duarte,39805222,2000-08-16,934
Rocio Abril,Reyes,27289055,1991-11-24,6408
Daiana,Mora,37594410,1980-08-16,3135
Axel Maximiliano,Santana,36650239,1992-09-28,3668
Alan David,Marín,23522473,1994-08-08,344
Florencia Micaela,Flores,23333128,1991-05-29,9916
Diego Nicolas,Benítez,22656725,1997-06-23,1404
Mauricio Nicolas,Vera,36104308,1980-09-29,9779
Priscila Milagros,Rotundo,37455434,2003-05-30,6724
Maria Catalina,Scioti,32186369,1994-08-01,1867
Axel Javier,Villalba,37793457,1991-12-13,4897
Victoria Valentina,Morales,22410699,2002-11-06,8180
Martiniano,Nessi,38177175,2002-02-02,7818
Juan Diego,Rivas,38237442,1995-09-16,7601
Diego Armando,Benítez,20595037,1983-03-11,645
Agustin Maximiliano,Rotundo,35967666,1981-01-20,6400
Maria Trinidad,De Luca,37392497,1989-01-25,5845
Margarita,Pereyra,32207646,1993-06-18,5044
Evelyn,Sojero,31896271,1981-01-24,2699
Diego Martin,Casas,26735454,1987-01-01,6358
Alexis Sebastian,Surace,31733569,1986-10-15,9741
Priscila Jazmin,Sánchez,34877022,1986-12-08,7778
Julieta Agustina,Rotman,37005904,1999-09-27,9476
Brenda Abigail,Arellano,23553316,2000-11-28,8905
German,Vasile,39247616,1980-01-09,9577
Axel Rodrigo,Demichelis,23691108,1994-05-18,314
Kevin Joel,Leiva,36387153,1992-05-04,698
Micaela Soledad,Marini,38674998,2004-06-09,5844
Jose Fernando,Totora,38241533,1984-05-22,9745
Francisco Ezequiel,Jiménez,26752640,2000-05-11,6389
Franco Javier,Nari,34521045,1990-01-08,6739
Federico Nahuel,Villalba,32883662,2003-03-20,2396
Kevin Alejandro,Sala,22556049,2000-03-04,2524
Nicolas Daniel,Arellano,22084516,2002-03-28,4446
Priscila Ailen,Benítez,30450395,1982-06-03,548
Maria Elena,Rotundo,31853631,1992-03-18,6541
Cristian Alejandro,Mancuso,28582823,1991-03-03,2410
Celeste Milagros,Duarte,27084345,1999-11-06,5967
Priscila Nicole,Raimundo,31360322,1993-03-17,9737
Maximo Joaquin,Rotman,34108907,2004-08-18,20
Micaela Aylen,Portillo,21191667,1988-06-21,1764
Ezequiel Nicolas,Leiva,37680364,1980-04-15,4647
Rocio Jazmin,Varela,20559774,2001-04-13,6533
Candela Guadalupe,Castillo,24132749,2000-02-24,5412
Franco Lautaro,Sánchez,34125491,1997-01-28,6858
Maria Mercedes,Marchi,32279013,1995-04-16,7651
Axel Sebastian,Pérez,31517930,1989-10-21,6935
Kevin Ariel,Sotomayor,26680491,1984-03-20,6845
Candela Ailen,Vasile,34512216,1992-03-07,5618
Brandon Ezequiel,Farías,21611085,1987-01-28,2543
Juan Ramon,González,34001394,1993-12-07,8381
Angeles,Fazzi,31234710,1989-06-06,7305
Axel Benjamin,Contreras,38230646,2003-03-06,9097
Faustina,Lorenzo,38193688,1987-09-11,8462
Axel Emanuel,Soto,32787207,1982-01-03,5658
Alina,Álvarez,35467156,1992-11-24,8814
Paula Valentina,Rojas,23350827,1988-05-30,1699
Thiago Daniel,Rómulo,20607831,1989-09-29,4017
Sabrina,Giordano,24926635,1988-01-03,3975
Nicolas Nahuel,Salvador,33665880,1982-10-26,7887
Pablo Daniel,Soto,27130305,2002-05-01,8465
Nicolas Andres,Pedone,37541552,1994-03-07,5670
Maria Antonella,Santana,22991392,1980-04-26,6588
Martina Pilar,Soto,32782997,1986-10-10,6565
Bautista Ezequiel,Lorenzo,22038404,1998-06-14,4808
Lara Agustina,Sojero,31397969,1982-09-27,2478
Joaquin Ariel,Carranza,26524932,1985-03-04,4298
Tomas Uriel,Farina,31073240,1993-02-16,7671
Lautaro Maximiliano,Huarte,39836958,1997-03-25,1851
Santiago Román,Duarte,35943188,1985-01-07,7965
Valentina,Sánchez,20364979,1998-03-16,6468
Santiago,Fazzi,39835025,1992-06-05,5089
Martina,Giménez,29316672,2000-02-15,1570
Joaquin,Nessi,39496103,1994-10-15,7775
Juan Ignacio,De León,21819264,1999-12-16,5848
Sofia,Galán,35374835,1988-12-05,3958
Tomas,Ramírez,38200917,1995-11-23,8328
Bautista,Gutiérrez,22509388,1990-11-22,3693
Mateo,Soto,25180301,1985-08-02,2386
Catalina,Carranza,27965053,1986-04-03,1611
Benjamin,Zurich,34844343,1999-09-09,4833
Agustin,Benítez,38232052,2002-04-09,1933
Santino,Flores,39439763,1985-07-31,2377
Juan Cruz,Flores,23033822,1986-01-23,673
Camila,Demichelis,35328938,1985-05-21,472
Francisco,Scioti,23422015,1987-08-16,5011
Ignacio,Soto,38668044,1987-05-28,9588
Lautaro,Marín,20219324,1994-11-07,8333
Juan Pablo,Jiménez,30821189,1995-01-21,7438
Valentino,García,32049977,1997-03-09,725
Lucia,Quispe,39715945,1993-01-14,9029
Delfina,Maradona,36898891,1988-05-25,9289
Agustina,Giordano,28304721,1997-06-05,361
Abril,Villalba,23545300,1985-06-30,9497
Victoria,D'Elia,34206941,1999-06-09,847
Guadalupe,Surace,31787040,1988-06-26,5785
Nicolas,Huergo,27581964,2000-08-30,9154
Valentín,Flores,34039902,1998-03-07,6728
Julieta,Gutiérrez,37336171,1988-07-10,7415
Morena,Muñoz,26084680,1997-09-29,9244
Candela,García,27886315,1993-09-08,6422
Milagros,Rebollo,30857592,1997-02-03,8643
Facundo,Varela,33493994,1989-01-30,3343
Matias,Farina,39558045,1991-04-30,9720
Maria Victoria,Amenedo,36494415,1983-09-16,8159
Josefina,Saldaña,24622502,1997-08-13,7643
Franco,Goicochea,39704734,1994-01-17,2926
Juan Manuel,Salvador,22934485,1990-08-14,5050
Felipe,Galán,21300320,1984-06-11,46
Juana,Raimundo,34135826,1999-04-09,5917
Lucas,Sánchez,27637672,1985-10-03,1407
Maximo,Jiménez,28889083,1985-04-11,6690
Pilar,Hernández,21027674,2001-03-02,8346
Juan Bautista,Rotman,27437313,1986-05-18,6350
Lautaro Ezequiel,Zambrano,26134971,2003-08-21,497
Thiago,Lorenzo,35416486,1985-08-04,9743
Malena,Arellano,27100059,1982-06-10,8486
Lola,Arredondo,26968565,2003-12-13,4180
Mia,Gómez,31099064,1986-09-15,3159
Santiago Nicolas,Sotomayor,32556455,2001-09-14,2264
Matias Ezequiel,Carrizo,30093168,1996-11-24,608
Martin,Rómulo,30988846,1987-01-07,8926
Ana Paula,Marín,26533524,1996-06-16,2373
Tomas Agustin,Carranza,23220498,1981-08-21,4546
Manuel,Silva,27582022,1984-01-04,4235
Agostina,Farías,21451109,2000-10-11,8516
Ramiro,Carrizo,35782215,1994-03-17,620
Constanza,Rivera,36817144,1997-02-15,3172
Maria Belen,Reyes,28352433,1996-09-30,1245
Luca,Pérez,39019387,1990-08-08,8099
Bruno,Vargas,38961620,2001-03-09,4860
